{"cameraMode":{"drawMode":0,"name":"Shaded","section":"Shading Mode"},"sceneLighting":false,"audioPlay":false,"sceneViewState":{"m_AlwaysRefresh":false,"showFog":false,"showSkybox":false,"showFlares":false,"showImageEffects":false,"showParticleSystems":false,"showVisualEffectGraphs":true,"m_FxEnabled":true},"in2DMode":false,"pivot":{"x":-0.1166771650314331,"y":0.8246252536773682,"z":0.006700754165649414},"rotation":{"x":0.02295405976474285,"y":-0.4486388862133026,"z":-0.01153214368969202,"w":-0.8933559656143189},"size":1.759807825088501,"orthographic":false}