{"cameraMode":{"drawMode":0,"name":"Shaded","section":"Shading Mode"},"sceneLighting":true,"audioPlay":false,"sceneViewState":{"m_AlwaysRefresh":false,"showFog":true,"showSkybox":true,"showFlares":true,"showImageEffects":true,"showParticleSystems":true,"showVisualEffectGraphs":true,"m_FxEnabled":true},"in2DMode":false,"pivot":{"x":-72.52041625976563,"y":22.341426849365236,"z":-4.590561866760254},"rotation":{"x":-0.11347354203462601,"y":-0.6691038012504578,"z":0.10442359000444412,"w":-0.7271417379379273},"size":0.33015817403793337,"orthographic":false}